-12.180,-55.210,-3.167,13.4
-11.820,-54.270,-3.154,15.0
-11.340,-53.040,-3.148,15.0
-10.970,-52.110,-3.141,15.0
-10.400,-50.720,-3.125,15.0
-9.810,-49.340,-3.114,15.0
-9.190,-47.980,-3.098,15.0
-8.540,-46.630,-3.082,15.0
-8.070,-45.740,-3.069,15.0
-7.350,-44.430,-3.050,15.0
-6.850,-43.560,-3.038,11.9
-6.080,-42.280,-3.013,8.0
-5.180,-41.090,-2.991,5.8
-3.770,-40.710,-2.994,5.4
-2.850,-41.080,-3.014,5.4
-2.140,-42.370,-3.060,6.6
-1.990,-43.360,-3.082,9.7
-1.790,-44.840,-3.110,15.0
-1.580,-46.330,-3.127,15.0
-1.430,-47.320,-3.138,15.0
-1.200,-48.800,-3.143,15.0
-1.040,-49.790,-3.153,15.0
-0.790,-51.260,-3.160,15.0
-0.620,-52.250,-3.174,15.0
-0.360,-53.730,-3.193,11.6
-0.070,-55.200,-3.215,7.6
0.340,-56.110,-3.231,7.0
1.490,-57.020,-3.245,7.1
2.970,-57.240,-3.247,9.1
4.460,-57.390,-3.249,13.3
5.460,-57.480,-3.250,15.0
6.460,-57.540,-3.250,15.0
7.460,-57.570,-3.251,15.0
8.460,-57.580,-3.251,15.0
9.460,-57.570,-3.242,15.0
10.460,-57.520,-3.240,15.0
11.950,-57.420,-3.229,15.0
12.950,-57.330,-3.227,10.3
14.440,-57.170,-3.223,7.2
15.850,-56.710,-3.214,5.6
16.540,-55.430,-3.179,5.4
16.390,-54.450,-3.161,5.8
15.440,-53.320,-3.149,7.9
14.690,-52.650,-3.143,13.6
13.580,-51.640,-3.133,15.0
12.470,-50.640,-3.123,15.0
11.360,-49.630,-3.114,15.0
10.250,-48.620,-3.105,11.7
9.520,-47.930,-3.098,9.8
8.830,-46.620,-3.079,9.7
8.480,-45.160,-3.044,12.2
8.170,-43.700,-3.017,15.0
8.010,-42.710,-3.003,15.0
7.840,-41.220,-2.968,15.0
7.800,-40.220,-2.941,14.6
7.810,-39.220,-2.921,14.4
7.890,-38.220,-2.901,14.8
8.100,-36.740,-2.869,15.0
8.300,-35.760,-2.847,15.0
8.550,-34.790,-2.825,14.8
8.830,-33.830,-2.797,9.6
9.290,-32.400,-2.759,6.5
10.050,-31.130,-2.717,5.5
11.440,-30.710,-2.704,5.3
12.720,-31.410,-2.718,5.5
13.150,-32.310,-2.736,6.7
13.430,-33.270,-2.756,10.2
13.840,-34.710,-2.791,15.0
14.130,-35.670,-2.807,15.0
14.410,-36.630,-2.824,15.0
14.700,-37.590,-2.840,15.0
15.130,-39.020,-2.869,10.0
15.650,-40.430,-2.897,8.2
16.690,-41.480,-2.908,8.1
18.030,-42.150,-2.911,9.2
19.470,-42.560,-2.912,12.6
20.450,-42.780,-2.906,15.0
21.910,-43.100,-2.902,15.0
22.890,-43.320,-2.906,15.0
24.350,-43.640,-2.913,15.0
25.330,-43.860,-2.917,15.0
26.790,-44.190,-2.918,12.1
27.780,-44.260,-2.897,10.8
28.740,-43.990,-2.868,15.0
29.740,-44.020,-2.840,15.0
30.730,-43.830,-2.823,15.0
32.190,-44.020,-2.822,15.0
33.670,-43.810,-2.824,15.0
34.680,-43.950,-2.833,15.0
36.160,-44.060,-2.871,15.0
37.160,-44.060,-2.921,15.0
38.650,-43.920,-3.026,15.0
39.650,-43.940,-3.106,15.0
40.650,-43.960,-3.179,15.0
41.650,-43.990,-3.244,15.0
42.650,-44.010,-3.303,15.0
43.650,-44.030,-3.361,15.0
44.650,-44.090,-3.432,9.9
45.650,-44.140,-3.497,7.1
47.080,-44.490,-3.573,6.3
47.990,-45.640,-3.628,6.7
48.210,-47.120,-3.670,8.4
48.290,-48.120,-3.701,14.0
48.420,-49.610,-3.750,15.0
48.510,-50.610,-3.783,15.0
48.640,-52.100,-3.825,15.0
48.730,-53.100,-3.853,15.0
48.870,-54.590,-3.900,15.0
48.960,-55.590,-3.931,15.0
49.100,-57.080,-3.969,15.0
49.180,-58.080,-3.995,15.0
49.300,-59.570,-4.038,15.0
49.380,-60.570,-4.069,15.0
49.450,-61.570,-4.090,15.0
49.510,-62.570,-4.112,15.0
49.560,-63.570,-4.133,15.0
49.620,-65.060,-4.172,15.0
49.650,-66.060,-4.198,15.0
49.670,-67.060,-4.229,15.0
49.670,-68.060,-4.253,15.0
49.670,-69.060,-4.278,15.0
49.660,-70.060,-4.302,15.0
49.640,-71.060,-4.323,15.0
49.600,-72.060,-4.348,15.0
49.560,-73.060,-4.377,15.0
49.500,-74.060,-4.401,15.0
49.430,-75.060,-4.425,15.0
49.300,-76.550,-4.467,15.0
49.200,-77.550,-4.495,15.0
49.040,-79.040,-4.537,15.0
48.850,-80.530,-4.578,15.0
48.640,-82.010,-4.616,15.0
48.490,-83.000,-4.645,15.0
48.340,-83.990,-4.675,15.0
48.190,-84.980,-4.708,15.0
47.950,-86.460,-4.750,15.0
47.830,-87.950,-4.797,15.0
47.790,-88.950,-4.829,15.0
47.750,-89.950,-4.857,15.0
47.720,-90.950,-4.881,15.0
47.690,-91.950,-4.907,15.0
47.660,-92.950,-4.927,15.0
47.650,-93.950,-4.947,15.0
47.640,-94.950,-4.968,15.0
47.630,-95.950,-4.992,15.0
47.640,-96.950,-5.022,15.0
47.650,-97.950,-5.051,15.0
47.670,-98.950,-5.076,15.0
47.690,-99.950,-5.102,15.0
47.720,-100.950,-5.131,15.0
47.750,-101.950,-5.161,15.0
47.790,-102.950,-5.186,15.0
47.840,-103.950,-5.210,15.0
47.910,-105.440,-5.245,15.0
47.960,-106.440,-5.269,15.0
48.020,-107.440,-5.293,15.0
48.070,-108.440,-5.317,15.0
48.130,-109.440,-5.342,15.0
48.180,-110.440,-5.365,15.0
48.230,-111.440,-5.394,15.0
48.300,-112.930,-5.426,15.0
48.330,-113.930,-5.451,15.0
48.360,-114.930,-5.471,15.0
48.390,-115.930,-5.490,15.0
48.400,-116.930,-5.510,15.0
48.410,-117.930,-5.530,15.0
48.400,-118.930,-5.550,15.0
48.390,-119.930,-5.570,15.0
48.370,-120.930,-5.590,15.0
48.340,-121.930,-5.611,15.0
48.300,-122.930,-5.633,15.0
48.260,-123.930,-5.657,15.0
48.210,-124.930,-5.682,15.0
48.160,-125.930,-5.706,12.3
47.850,-127.390,-5.744,12.5
47.480,-128.320,-5.775,15.0
46.920,-129.710,-5.820,15.0
46.550,-130.640,-5.842,12.2
45.980,-132.020,-5.878,8.1
45.830,-133.010,-5.900,7.1
46.190,-134.450,-5.929,7.4
47.160,-135.580,-5.945,12.7
47.890,-136.270,-5.948,13.8
48.950,-137.320,-5.956,7.8
49.290,-138.730,-5.989,7.4
49.190,-140.210,-6.031,8.4
48.680,-141.620,-6.080,11.9
48.310,-142.550,-6.115,15.0
47.740,-143.930,-6.165,15.0
47.360,-144.860,-6.193,15.0
46.820,-146.260,-6.237,15.0
46.310,-147.670,-6.275,15.0
45.810,-149.080,-6.314,11.6
45.450,-150.020,-6.346,8.6
44.510,-151.160,-6.390,8.1
43.650,-151.670,-6.420,8.7
42.230,-152.160,-6.460,11.4
40.800,-152.610,-6.513,13.9
39.830,-152.860,-6.547,13.6
38.350,-153.080,-6.597,13.0
37.350,-153.120,-6.633,14.8
36.350,-153.090,-6.660,15.0
35.350,-153.050,-6.673,15.0
33.860,-152.980,-6.673,15.0
32.860,-152.940,-6.662,15.0
31.860,-152.900,-6.649,15.0
30.860,-152.790,-6.632,15.0
29.370,-152.610,-6.609,15.0
27.910,-152.300,-6.580,15.0
26.460,-151.900,-6.558,15.0
25.080,-151.330,-6.529,15.0
24.150,-150.950,-6.508,15.0
23.230,-150.550,-6.489,15.0
22.330,-150.110,-6.463,15.0
21.010,-149.420,-6.427,15.0
19.700,-148.680,-6.388,15.0
18.390,-147.960,-6.358,15.0
17.540,-147.420,-6.335,15.0
16.230,-146.710,-6.298,15.0
15.370,-146.200,-6.274,15.0
14.520,-145.670,-6.247,15.0
13.670,-145.140,-6.221,15.0
12.330,-144.490,-6.201,15.0
11.020,-143.760,-6.169,15.0
10.140,-143.280,-6.142,15.0
8.840,-142.540,-6.099,15.0
7.970,-142.040,-6.066,15.0
6.650,-141.340,-6.019,15.0
5.760,-140.870,-5.983,15.0
4.440,-140.180,-5.926,15.0
3.600,-139.630,-5.886,15.0
2.370,-138.770,-5.814,15.0
1.130,-137.930,-5.756,15.0
-0.140,-137.140,-5.698,15.0
-1.020,-136.650,-5.656,15.0
-2.310,-135.900,-5.580,15.0
-3.160,-135.370,-5.526,15.0
-4.020,-134.850,-5.473,15.0
-5.320,-134.110,-5.400,15.0
-6.200,-133.630,-5.346,15.0
-7.470,-132.840,-5.249,15.0
-8.750,-132.070,-5.137,15.0
-10.070,-131.360,-5.014,15.0
-11.410,-130.690,-4.887,15.0
-12.290,-130.210,-4.800,15.0
-13.570,-129.450,-4.673,15.0
-14.810,-128.620,-4.551,15.0
-16.060,-127.790,-4.431,15.0
-17.370,-127.070,-4.312,15.0
-18.250,-126.590,-4.230,15.0
-19.560,-125.870,-4.090,15.0
-20.440,-125.390,-4.002,15.0
-21.760,-124.680,-3.851,15.0
-23.090,-123.990,-3.708,15.0
-23.960,-123.490,-3.607,15.0
-25.250,-122.750,-3.448,15.0
-26.100,-122.210,-3.336,15.0
-27.380,-121.440,-3.183,15.0
-28.280,-120.990,-3.080,15.0
-29.600,-120.280,-2.919,15.0
-30.890,-119.530,-2.776,15.0
-32.190,-118.780,-2.613,15.0
-33.470,-118.000,-2.453,15.0
-34.770,-117.270,-2.282,15.0
-36.080,-116.550,-2.135,15.0
-37.360,-115.770,-1.968,15.0
-38.650,-115.000,-1.792,15.0
-39.920,-114.230,-1.627,15.0
-41.210,-113.470,-1.468,15.0
-42.070,-112.960,-1.359,15.0
-42.890,-112.380,-1.257,15.0
-44.140,-111.570,-1.107,15.0
-45.030,-111.100,-0.998,15.0
-46.350,-110.400,-0.850,10.4
-47.410,-109.360,-0.732,9.7
-47.930,-108.500,-0.674,11.4
-48.650,-107.190,-0.610,15.0
-49.130,-106.310,-0.582,15.0
-49.790,-104.970,-0.532,15.0
-50.220,-104.060,-0.498,15.0
-50.860,-102.710,-0.461,15.0
-51.280,-101.800,-0.438,15.0
-51.690,-100.880,-0.417,15.0
-52.290,-99.510,-0.392,15.0
-52.870,-98.130,-0.375,15.0
-53.250,-97.200,-0.359,15.0
-53.620,-96.270,-0.347,14.5
-54.080,-94.850,-0.325,13.0
-54.250,-93.360,-0.309,15.0
-54.340,-92.360,-0.299,15.0
-54.460,-90.870,-0.284,15.0
-54.530,-89.870,-0.273,15.0
-54.580,-88.870,-0.263,15.0
-54.630,-87.870,-0.252,15.0
-54.660,-86.870,-0.242,15.0
-54.670,-85.870,-0.232,15.0
-54.680,-84.870,-0.222,15.0
-54.670,-83.870,-0.213,15.0
-54.650,-82.870,-0.204,15.0
-54.630,-81.870,-0.199,15.0
-54.580,-80.380,-0.186,15.0
-54.530,-79.380,-0.168,15.0
-54.490,-78.380,-0.158,15.0
-54.440,-77.380,-0.138,15.0
-54.390,-76.380,-0.119,15.0
-54.340,-75.380,-0.091,15.0
-54.290,-74.380,-0.068,15.0
-54.240,-73.380,-0.039,15.0
-54.170,-71.890,-0.002,15.0
-54.120,-70.890,0.022,15.0
-54.080,-69.890,0.044,15.0
-54.050,-68.890,0.063,15.0
-54.010,-67.890,0.085,15.0
-53.980,-66.890,0.107,15.0
-53.950,-65.890,0.129,15.0
-53.930,-64.890,0.145,15.0
-53.910,-63.890,0.160,15.0
-53.890,-62.890,0.180,15.0
-53.870,-61.890,0.200,15.0
-53.850,-60.890,0.223,15.0
-53.830,-59.890,0.245,15.0
-53.820,-58.890,0.265,15.0
-53.800,-57.890,0.285,15.0
-53.790,-56.890,0.305,15.0
-53.770,-55.890,0.327,15.0
-53.760,-54.890,0.347,15.0
-53.740,-53.890,0.373,15.0
-53.730,-52.890,0.397,15.0
-53.720,-51.890,0.423,15.0
-53.700,-50.890,0.446,15.0
-53.690,-49.890,0.467,15.0
-53.680,-48.890,0.488,15.0
-53.660,-47.890,0.513,15.0
-53.650,-46.890,0.543,15.0
-53.640,-45.890,0.573,15.0
-53.630,-44.890,0.596,15.0
-53.620,-43.890,0.622,15.0
-53.600,-42.890,0.645,15.0
-53.590,-41.890,0.671,15.0
-53.580,-40.890,0.695,15.0
-53.560,-39.890,0.720,15.0
-53.550,-38.890,0.744,15.0
-53.530,-37.890,0.769,15.0
-53.510,-36.890,0.792,15.0
-53.490,-35.890,0.818,15.0
-53.480,-34.890,0.848,15.0
-53.450,-33.890,0.878,15.0
-53.430,-32.890,0.908,15.0
-53.410,-31.890,0.932,15.0
-53.390,-30.890,0.958,15.0
-53.370,-29.890,0.988,15.0
-53.350,-28.890,1.017,15.0
-53.320,-27.890,1.046,15.0
-53.290,-26.400,1.083,15.0
-53.270,-25.400,1.111,15.0
-53.250,-24.400,1.141,15.0
-53.240,-23.400,1.170,15.0
-53.220,-22.400,1.200,15.0
-53.210,-21.400,1.230,15.0
-53.190,-20.400,1.260,15.0
-53.180,-19.400,1.290,15.0
-53.170,-18.400,1.323,15.0
-53.160,-17.400,1.349,15.0
-53.160,-16.400,1.373,15.0
-53.150,-15.400,1.399,15.0
-53.140,-14.400,1.429,15.0
-53.140,-13.400,1.459,15.0
-53.130,-12.400,1.489,15.0
-53.130,-11.400,1.519,15.0
-53.120,-10.400,1.549,15.0
-53.120,-9.400,1.580,15.0
-53.110,-8.400,1.621,15.0
-53.100,-7.400,1.670,15.0
-53.090,-6.400,1.715,15.0
-53.080,-5.400,1.768,15.0
-53.060,-4.400,1.827,15.0
-53.030,-3.400,1.887,15.0
-52.990,-2.400,1.945,15.0
-52.940,-1.400,1.999,15.0
-52.880,-0.400,2.053,15.0
-52.800,0.600,2.104,15.0
-52.630,2.090,2.179,15.0
-52.480,3.080,2.235,15.0
-52.210,4.550,2.320,15.0
-51.860,6.010,2.407,15.0
-51.440,7.450,2.497,15.0
-50.980,8.880,2.579,12.1
-50.400,10.250,2.656,9.5
-49.830,11.070,2.701,9.1
-49.060,11.710,2.724,10.2
-47.800,12.520,2.730,13.6
-46.500,13.280,2.713,15.0
-45.170,13.960,2.654,15.0
-44.260,14.380,2.610,15.0
-43.330,14.750,2.557,15.0
-41.910,15.240,2.474,15.0
-40.470,15.660,2.369,15.0
-39.020,16.040,2.259,15.0
-37.560,16.390,2.145,15.0
-36.100,16.710,2.042,15.0
-35.120,16.930,1.968,15.0
-33.660,17.250,1.852,11.3
-32.680,17.460,1.774,9.0
-31.200,17.410,1.645,8.7
-29.880,16.720,1.531,10.6
-29.010,16.220,1.471,15.0
-27.710,15.480,1.395,15.0
-26.840,14.980,1.344,15.0
-25.540,14.240,1.265,9.6
-24.200,13.560,1.166,7.7
-22.730,13.570,1.049,7.9
-21.390,14.230,0.946,9.7
-20.500,14.690,0.886,15.0
-19.170,15.380,0.810,15.0
-18.280,15.840,0.758,15.0
-16.950,16.520,0.687,10.6
-16.050,16.960,0.637,8.2
-14.610,17.300,0.548,7.7
-13.220,16.800,0.423,8.7
-11.930,16.030,0.279,12.4
-10.640,15.270,0.128,15.0
-9.780,14.750,0.027,15.0
-8.490,13.980,-0.127,11.1
-7.160,13.290,-0.281,10.5
-5.680,13.270,-0.399,15.0
-4.190,13.370,-0.495,11.3
-2.750,13.000,-0.600,8.2
-1.430,12.290,-0.703,7.4
-0.470,11.160,-0.801,7.5
-0.050,10.250,-0.864,8.1
0.160,8.770,-0.959,10.2
0.200,7.770,-1.021,14.6
0.180,6.280,-1.113,15.0
0.200,5.280,-1.173,15.0
0.170,3.790,-1.270,15.0
0.110,2.300,-1.371,15.0
0.150,0.810,-1.481,15.0
-0.030,-0.670,-1.593,15.0
-0.110,-1.670,-1.670,15.0
-0.070,-2.670,-1.728,15.0
-0.120,-4.160,-1.803,15.0
-0.110,-5.160,-1.856,15.0
-0.110,-6.160,-1.911,15.0
-0.130,-7.160,-1.970,15.0
-0.080,-8.160,-2.023,15.0
-0.160,-9.650,-2.073,15.0
-0.060,-10.650,-2.091,15.0
-0.200,-11.640,-2.104,15.0
-0.200,-12.640,-2.136,15.0
-0.330,-13.630,-2.176,15.0
-0.640,-14.580,-2.225,14.5
-0.530,-15.590,-2.284,15.0
-0.560,-16.590,-2.322,15.0
-0.590,-17.590,-2.342,15.0
-0.500,-19.080,-2.356,14.9
-0.620,-20.080,-2.373,15.0
-0.820,-21.060,-2.398,15.0
-1.110,-22.530,-2.437,15.0
-1.390,-24.000,-2.484,15.0
-1.670,-25.470,-2.531,15.0
-1.860,-26.460,-2.559,9.8
-2.140,-27.930,-2.611,6.8
-2.890,-29.180,-2.650,6.2
-4.310,-29.510,-2.660,6.6
-5.770,-29.180,-2.650,9.3
-7.230,-28.840,-2.640,15.0
-8.210,-28.640,-2.628,15.0
-9.690,-28.380,-2.616,15.0
-11.170,-28.180,-2.606,15.0
-12.170,-28.080,-2.599,11.9
-13.660,-27.960,-2.589,7.7
-14.660,-27.990,-2.589,6.5
-15.890,-28.770,-2.603,6.5
-16.490,-30.130,-2.639,7.9
-16.750,-31.100,-2.662,10.9
-17.000,-32.070,-2.684,15.0
-17.350,-33.530,-2.712,15.0
-17.560,-34.510,-2.740,15.0
-17.830,-35.980,-2.770,15.0
-17.980,-36.970,-2.789,15.0
-18.150,-38.460,-2.813,15.0
-18.240,-39.460,-2.832,15.0
-18.330,-40.950,-2.851,15.0
-18.360,-41.950,-2.867,15.0
-18.390,-42.950,-2.881,15.0
-18.400,-43.950,-2.895,15.0
-18.420,-44.950,-2.910,15.0
-18.360,-45.950,-2.926,15.0
-18.370,-46.960,-2.941,15.0
-18.440,-48.440,-2.960,15.0
-18.460,-49.460,-2.980,15.0
-18.780,-50.930,-3.012,10.8
-18.780,-52.420,-3.046,8.8
-18.210,-53.770,-3.081,9.3
-17.680,-54.620,-3.111,11.7
-17.160,-55.480,-3.130,11.1
-16.630,-56.330,-3.147,7.9
-16.030,-57.130,-3.163,5.8
-14.730,-57.780,-3.183,5.3
-13.750,-57.640,-3.183,5.2
-12.730,-56.600,-3.179,5.9
-12.360,-55.670,-3.173,8.6
